<?xml version="1.0" encoding="UTF-8"?>
<project-private xmlns="http://www.netbeans.org/ns/project-private/1">
    <editor-bookmarks xmlns="http://www.netbeans.org/ns/editor-bookmarks/2" lastBookmarkId="0"/>
    <open-files xmlns="http://www.netbeans.org/ns/projectui-open-files/2">
        <group>
            <file>file:/E:/CursoDAM2/Acceso%20a%20Datos/GuardarDatos/src/gui/frmGuardarDatos.java</file>
            <file>file:/E:/CursoDAM2/Acceso%20a%20Datos/GuardarDatos/src/alumno/Alumno.java</file>
            <file>file:/E:/CursoDAM2/Acceso%20a%20Datos/GuardarDatos/src/metodos/Metodos.java</file>
        </group>
    </open-files>
</project-private>
